{"conveyor":{"tint":{"a":1.0,"b":0.043348703533411026,"g":0.20098036527633667,"r":0.07149722427129745}},"floor":{"tint":{"a":1.0,"b":0.11613322794437408,"g":0.8102753162384033,"r":0.8774510025978088}},"model 1":{"tint":{"a":1.0,"b":0.07742217183113098,"g":0.07742217183113098,"r":0.8774510025978088}},"model 2":{"tint":{"a":1.0,"b":0.07742222398519516,"g":0.8774510025978088,"r":0.17154325544834137}},"model 3":{"tint":{"a":1.0,"b":0.8774510025978088,"g":0.07742222398519516,"r":0.1244824230670929}},"model 4":{"tint":{"a":1.0,"b":0.8774510025978088,"g":0.07742222398519516,"r":0.8068601489067078}},"plate":{"tint":{"a":1.0,"b":0.7693206667900085,"g":0.019607841968536377,"r":1.0}}}